<ImportExportXml version="9.2.23064.186" SolutionPackageVersion="9.2" languagecode="1033" generatedBy="CrmLive" xmlns:xsi="http://www.w3.org/2001/XMLSchema-instance">
  <SolutionManifest>
    <UniqueName>ExportComponents8aa7dfc5fb8740bda9361cd38099a2fe</UniqueName>
    <LocalizedNames>
      <LocalizedName description="ExportComponents8aa7dfc5fb8740bda9361cd38099a2fe" languagecode="1033" />
    </LocalizedNames>
    <Descriptions />
    <Version>1.0</Version>
    <Managed>0</Managed>
    <Publisher>
      <UniqueName>Cree354</UniqueName>
      <LocalizedNames>
        <LocalizedName description="CDS Default Publisher" languagecode="1033" />
      </LocalizedNames>
      <Descriptions />
      <EMailAddress xsi:nil="true"></EMailAddress>
      <SupportingWebsiteUrl xsi:nil="true"></SupportingWebsiteUrl>
      <CustomizationPrefix>cre6f</CustomizationPrefix>
      <CustomizationOptionValuePrefix>86122</CustomizationOptionValuePrefix>
    </Publisher>
    <RootComponents>
      <RootComponent type="1" schemaName="appusersetting" behavior="2" />
      <RootComponent type="1" schemaName="bot" behavior="2" />
      <RootComponent type="1" schemaName="cre6f_appconfiguration" behavior="0" />
      <RootComponent type="1" schemaName="cre6f_attendance" behavior="2" />
      <RootComponent type="1" schemaName="cre6f_class" behavior="0" />
      <RootComponent type="1" schemaName="cre6f_emotionalcheckin" behavior="2" />
      <RootComponent type="1" schemaName="cre6f_hallpass" behavior="0" />
      <RootComponent type="1" schemaName="cre6f_lessonassessment" behavior="2" />
      <RootComponent type="1" schemaName="cre6f_pointcategory" behavior="2" />
      <RootComponent type="1" schemaName="cre6f_readinglog" behavior="2" />
      <RootComponent type="1" schemaName="cre6f_reward" behavior="2" />
      <RootComponent type="1" schemaName="cre6f_student" behavior="0" />
      <RootComponent type="1" schemaName="cre6f_studentassessmentanswer" behavior="2" />
      <RootComponent type="1" schemaName="cre6f_studentclassgamificationsummary" behavior="2" />
      <RootComponent type="1" schemaName="cre6f_studentguardian" behavior="2" />
      <RootComponent type="1" schemaName="cre6f_studentpointlog" behavior="2" />
      <RootComponent type="1" schemaName="cre6f_studentrewardlog" behavior="2" />
      <RootComponent type="1" schemaName="cre6f_teacher" behavior="0" />
      <RootComponent type="1" schemaName="cre6f_testtabledelete" behavior="2" />
      <RootComponent type="1" schemaName="systemuser" behavior="0" />
      <RootComponent type="9" schemaName="cre6f_gradelevel" behavior="0" />
      <RootComponent type="9" schemaName="cre6f_raceidentification" behavior="0" />
      <RootComponent type="9" schemaName="cre6f_role" behavior="0" />
      <RootComponent type="9" schemaName="cre6f_sex" behavior="0" />
      <RootComponent type="9" schemaName="cre6f_subject" behavior="0" />
      <RootComponent type="300" schemaName="cre6f_hallpass_26222" behavior="0" />
    </RootComponents>
    <MissingDependencies>
      <MissingDependency>
        <Required type="1" schemaName="appusersetting" displayName="Model-Driven App User Setting" solution="AppModule (9.1.22112.221109001)" />
        <Dependent type="1" schemaName="appusersetting" displayName="Model-Driven App User Setting" />
      </MissingDependency>
      <MissingDependency>
        <Required type="1" schemaName="appusersetting" displayName="Model-Driven App User Setting" solution="AppModule (9.1.22112.221109001)" />
        <Dependent type="10" schemaName="systemuser_appusersetting_userId" displayName="systemuser_appusersetting_userId" parentSchemaName="appusersetting" parentDisplayName="Model-Driven App User Setting" />
      </MissingDependency>
      <MissingDependency>
        <Required type="1" schemaName="bot" displayName="Chatbot" solution="PowerVirtualAgents (2.0.0.502)">
          <package>msdynce_CustomerCareIntelligenceBots_Anchor (2.0.0.502)</package>
        </Required>
        <Dependent type="1" schemaName="bot" displayName="Chatbot" />
      </MissingDependency>
      <MissingDependency>
        <Required type="1" schemaName="bot" displayName="Chatbot" solution="PowerVirtualAgents (2.0.0.502)">
          <package>msdynce_CustomerCareIntelligenceBots_Anchor (2.0.0.502)</package>
        </Required>
        <Dependent type="10" schemaName="systemuser_bot_publishedby" displayName="systemuser_bot_publishedby" parentSchemaName="systemuser" parentDisplayName="User" />
      </MissingDependency>
      <MissingDependency>
        <Required type="1" schemaName="cre6f_attendance" displayName="Attendance" solution="Active" />
        <Dependent type="1" schemaName="cre6f_attendance" displayName="Attendance" />
      </MissingDependency>
      <MissingDependency>
        <Required type="1" schemaName="cre6f_emotionalcheckin" displayName="Emotional Checkin" solution="Active" />
        <Dependent type="1" schemaName="cre6f_emotionalcheckin" displayName="Emotional Checkin" />
      </MissingDependency>
      <MissingDependency>
        <Required type="1" schemaName="cre6f_lessonassessment" displayName="Lesson Assessment" solution="Active" />
        <Dependent type="1" schemaName="cre6f_lessonassessment" displayName="Lesson Assessment" />
      </MissingDependency>
      <MissingDependency>
        <Required type="1" schemaName="cre6f_pointcategory" displayName="Point Category" solution="Active" />
        <Dependent type="1" schemaName="cre6f_pointcategory" displayName="Point Category" />
      </MissingDependency>
      <MissingDependency>
        <Required type="1" schemaName="cre6f_readinglog" displayName="Reading Log" solution="Active" />
        <Dependent type="1" schemaName="cre6f_readinglog" displayName="Reading Log" />
      </MissingDependency>
      <MissingDependency>
        <Required type="1" schemaName="cre6f_reward" displayName="Reward" solution="Active" />
        <Dependent type="1" schemaName="cre6f_reward" displayName="Reward" />
      </MissingDependency>
      <MissingDependency>
        <Required type="1" schemaName="cre6f_studentassessmentanswer" displayName="Student Assessment Answer" solution="Active" />
        <Dependent type="1" schemaName="cre6f_studentassessmentanswer" displayName="Student Assessment Answer" />
      </MissingDependency>
      <MissingDependency>
        <Required type="1" schemaName="cre6f_studentclassgamificationsummary" displayName="Student Class Gamification Summary" solution="Active" />
        <Dependent type="1" schemaName="cre6f_studentclassgamificationsummary" displayName="Student Class Gamification Summary" />
      </MissingDependency>
      <MissingDependency>
        <Required type="1" schemaName="cre6f_studentguardian" displayName="Student Guardian" solution="Active" />
        <Dependent type="1" schemaName="cre6f_studentguardian" displayName="Student Guardian" />
      </MissingDependency>
      <MissingDependency>
        <Required type="1" schemaName="cre6f_studentpointlog" displayName="Student Point Log" solution="Active" />
        <Dependent type="1" schemaName="cre6f_studentpointlog" displayName="Student Point Log" />
      </MissingDependency>
      <MissingDependency>
        <Required type="1" schemaName="cre6f_studentrewardlog" displayName="Student Reward Log" solution="Active" />
        <Dependent type="1" schemaName="cre6f_studentrewardlog" displayName="Student Reward Log" />
      </MissingDependency>
      <MissingDependency>
        <Required type="1" schemaName="cre6f_testtabledelete" displayName="TestTableDelete" solution="Active" />
        <Dependent type="1" schemaName="cre6f_testtabledelete" displayName="TestTableDelete" />
      </MissingDependency>
      <MissingDependency>
        <Required type="10" schemaName="systemuser_appusersetting_userId" displayName="systemuser_appusersetting_userId" parentSchemaName="appusersetting" parentDisplayName="Model-Driven App User Setting" solution="AppModule (9.1.22112.221109001)" />
        <Dependent type="10" schemaName="systemuser_appusersetting_userId" displayName="systemuser_appusersetting_userId" parentSchemaName="appusersetting" parentDisplayName="Model-Driven App User Setting" />
      </MissingDependency>
      <MissingDependency>
        <Required type="10" schemaName="systemuser_bot_publishedby" displayName="systemuser_bot_publishedby" parentSchemaName="systemuser" parentDisplayName="User" solution="PowerVirtualAgents (2.0.0.502)">
          <package>msdynce_CustomerCareIntelligenceBots_Anchor (2.0.0.502)</package>
        </Required>
        <Dependent type="10" schemaName="systemuser_bot_publishedby" displayName="systemuser_bot_publishedby" parentSchemaName="systemuser" parentDisplayName="User" />
      </MissingDependency>
      <MissingDependency>
        <Required type="2" schemaName="userid" displayName="User" parentSchemaName="appusersetting" parentDisplayName="Model-Driven App User Setting" solution="AppModule (9.1.22112.221109001)" />
        <Dependent type="10" schemaName="systemuser_appusersetting_userId" displayName="systemuser_appusersetting_userId" parentSchemaName="appusersetting" parentDisplayName="Model-Driven App User Setting" />
      </MissingDependency>
      <MissingDependency>
        <Required type="2" schemaName="userid" displayName="User" parentSchemaName="appusersetting" parentDisplayName="Model-Driven App User Setting" solution="AppModule (9.1.22112.221109001)" />
        <Dependent type="2" schemaName="userid" displayName="User" parentSchemaName="appusersetting" parentDisplayName="Model-Driven App User Setting" />
      </MissingDependency>
      <MissingDependency>
        <Required type="2" schemaName="publishedby" displayName="Published By" parentSchemaName="bot" parentDisplayName="Chatbot" solution="PowerVirtualAgents (2.0.0.502)">
          <package>msdynce_CustomerCareIntelligenceBots_Anchor (2.0.0.502)</package>
        </Required>
        <Dependent type="10" schemaName="systemuser_bot_publishedby" displayName="systemuser_bot_publishedby" parentSchemaName="systemuser" parentDisplayName="User" />
      </MissingDependency>
      <MissingDependency>
        <Required type="2" schemaName="publishedby" displayName="Published By" parentSchemaName="bot" parentDisplayName="Chatbot" solution="PowerVirtualAgents (2.0.0.502)">
          <package>msdynce_CustomerCareIntelligenceBots_Anchor (2.0.0.502)</package>
        </Required>
        <Dependent type="2" schemaName="publishedby" displayName="Published By" parentSchemaName="bot" parentDisplayName="Chatbot" />
      </MissingDependency>
    </MissingDependencies>
  </SolutionManifest>
</ImportExportXml>